0x00192fb10df37c9fb26829eb2cc623cd1bf599e8, 2Miners: PPLNS, mining
0x002e08000acbbae2155fab7ac01929564949070d,2Miners: SOLO, mining
0xc839ee5542b4e8413246b3634c5c739fea949562,AlphaPool, mining
0x433022c4066558e7a32d850f02d2da5ca782174d,ALTpool.pro, mining
0xa855c20a1351acd2690c716e2709c7dff3978d12,AntPool, mining
0xff1b891969773159366ab6310ff63a69ac4acffd,BaikalMine 1, mining
0x99c85bb64564d9ef9a99621301f22c9993cb89e3,BeePool, mining
0xf3b9d2c81f2b24b0fa0acaaa865b7d9ced5fc2fb,BitClubPool, mining
0xeea5b82b61424df8020f5fedd81767f2d0d25bfb,BTC.com Pool, mining
0x68795c4aa09d6f4ed3e5deddf8c2ad3049a601da,CoinMine.pl, mining
0xf8b483dba2c3b7176a3da549ad41a48bb3121069,Coinotron 1, mining
0xa42af2c70d316684e57aefcc6e393fecb1c7e84e,Coinotron 2, mining
0x6a7a43be33ba930fe58f34e07d0ad6ba7adb9b1f,Coinotron 3, mining
0x249bdb4499bd7c683664c149276c1d86108e2137,Cruxpool, mining
0x2a65aca4d5fc5b5c859090a6c34d164135398226,DwarfPool 1, mining
0x151255dd9e38e44db38ea06ec66d0d113d6cbe37,DwarfPool 2, mining
0xa027231f42c80ca4125b5cb962a21cd4f812e88f,Eth.pp.ua, mining
0xf35074bbd0a9aee46f4ea137971feec024ab704e,ETH.SoloPool.org, mining
0x8fce1ef27f3add1411c7a99be402de598ad38389,EthashPool, mining
0x8d35067233605bef6069191ae0922d134ff80d48,EtherDig, mining
0x9d551f41fed6fc27b719777c224dfecce170004d,EthereumPool, mining
0xea674fdde714fd979de3edf0f56aa9716b898ec8,Ethermine, mining
0xe6a7a1d47ff21b6321162aea7c6cb457d5476bca,Ethpool 1, mining
0x4bb96091ee9d802ed039c4d1a5f6216f90f81b01,Ethpool 2, mining
0x6537b65a50a862391515455272f9b6c7168afe94,ExtremeHash, mining
0xcc22cb1b6625b64e81909456111d76be6158dfbc,EzilPool 1, mining
0x8595dd9e0438640b5e1254f9df579ac12a86865f,EzilPool 2, mining
0x829bd824b016326a401d083b33d092293333a830,F2Pool, mining
0x35f61dfb08ada13eba64bf156b80df3d5b3a738d,firepool, mining
0x464b0b37db1ee1b5fbe27300acfbf172fd5e4f53,FKPool, mining
0xd34da389374caad1a048fbdc4569aae33fd5a375,Genesis Mining, mining
0x4c549990a7ef3fea8784406c1eecc98bf4211fa5,Hiveon Pool, mining
0x14b30f257c2737370203a15aa343c2b600dfb675,Huixingpool.com, mining
0x9d6d492bd500da5b33cf95a5d610a73360fcaaa0,Huobi Mining Pool, mining
0x4e4e23ac3c11789e23169025503ea4373b01417b,KuveraPool, mining
0x09ab1303d3ccaf5f018cd511146b07a240c70294,Minerall Pool, mining
0x06b8c5883ec71bc3f4b332081519f23834c8706e,Mining Express, mining
0xb2930b35844a230f00e51431acae96fe543a0347,MiningPoolHub, mining
0x2a98776c7e13ed1c240858bd241dcf95fc1928b4,myminers.org: Solo, mining
0x52bc44d5378309ee2abf1539bf71de1b7d7be3b5,Nanopool, mining
0xd5bbb4264b70ca4f58c45d27b9d7e11190754a54,NoobPool, mining
0x6b7d50bb8fab584e54251a10e1c6cfa51dd7b618,PandaPool, mining
0x47c439c8784b44366735fc2cfe08228cb91d5b8e,PoolHub, mining
0x5a0b54d5dc17e0aadc383d2db43b0a0d3e029c4c,Spark Pool, mining
0x1dcb8d1f0fcc8cbc8c2d76528e877f915e299fbe,Suprnova 1, mining
0x63a9975ba31b0b9626b34300f7f627147df1f526,Suprnova 2, mining
0xa3c084ae80a3f03963017669bc696e961d3ae5d5,Uleypool, mining
0xd224ca0c819e8e97ba0136b3b95ceff503b79f53,UUPool, mining
0x44fd3ab8381cc3d14afa7c4af7fd13cdc65026e1,W POOL, mining
0x9435d50503aee35c8757ae4933f7a0ab56597805,WaterholePool, mining
0xd1e56c2e765180aa0371928fd4d1e41fbcda34d4,Weipool, mining
0x7c6694032b4db11ac485e1cff0f7509d58b41569,Whalesburg Pool: Old Address, mining
0xe4bdced60430a90f31dba03524dd5d15a2670649,xnpool.cn, mining
0x04668ec2f57cc15c381b461b9fedab5d451c8f7f,zhizhu.top, mining
0x05f51aab068caa6ab7eeb672f88c180f67f17ec7,ABCC, exchange
0x4df5f3610e2471095a130d7d934d551f3dde01ed,ATAIX, exchange
0xadb72986ead16bdbc99208086bd431c1aa38938e,Beaxy, exchange
0x7a10ec7d68a048bdae36a70e93532d31423170fa,Bgogo 1, exchange
0xce1bf8e51f8b39e51c6184e059786d1c0eaf360f,Bgogo 2, exchange
0xf73c3c65bde10bf26c2e1763104e609a41702efe,Bibox, exchange
0xa30d8157911ef23c46c0eb71889efe6a648a41f7,BigONE, exchange
0x6efb20f61b80f6a7ebe7a107bace58288a51fb34,Biki.com, exchange
0xf7793d27a1b76cdf14db7c83e82c772cf7c92910,Bilaxy, exchange
0x3f5ce5fbfe3e9af3971dd833d26ba9b5c936f0be,Binance 1, exchange
0xd551234ae421e3bcba99a0da6d736074f22192ff,Binance 2, exchange
0x564286362092d8e7936f0549571a803b203aaced,Binance 3, exchange
0x0681d8db095565fe8a346fa0277bffde9c0edbbf,Binance 4, exchange
0xfe9e8709d3215310075d67e3ed32a380ccf451c8,Binance 5, exchange
0x4e9ce36e442e55ecd9025b9a6e0d88485d628a67,Binance 6, exchange
0xbe0eb53f46cd790cd13851d5eff43d12404d33e8,Binance 7, exchange
0xf977814e90da44bfa03b6295a0616a897441acec,Binance 8, exchange
0x4b729cf402cfcffd057e254924b32241aedc1795,Bit-Z, exchange
0x7c49e1c0e33f3efb57d64b7690fa287c8d15b90a,Bit2C, exchange
0xdf5021a4c1401f1125cd347e394d977630e17cf7,Bitbox, exchange
0x28ebe764b8f9a853509840645216d3c2c0fd774b,BiteBTC, exchange
0x1151314c646ce4e0efd76d1af4760ae66a9fe30f,Bitfinex 1, exchange
0x7727e5113d1d161373623e5f49fd568b4f543a9e,Bitfinex 2, exchange
0x4fdd5eb2fb260149a3903859043e962ab89d8ed4,Bitfinex 3, exchange
0x876eabf441b2ee5b5b0554fd502a8e0600950cfa,Bitfinex 4, exchange
0x742d35cc6634c0532925a3b844bc454e4438f44e,Bitfinex 5, exchange
0x8fa8af91c675452200e49b4683a33ca2e1a34e42,Bithumb 1, exchange
0x3052cd6bf951449a984fe4b5a38b46aef9455c8e,Bithumb 2, exchange
0x2140efd7ba31169c69dfff6cdc66c542f0211825,Bithumb 3, exchange
0x3fbe1f8fc5ddb27d428aa60f661eaaab0d2000ce,Bithumb Contract, exchange
0xe79eef9b9388a4ff70ed7ec5bccd5b928ebb8bd1,BitMart, exchange
0x03bdf69b1322d623836afbd27679a1c0afa067e9,Bitmax 1, exchange
0x4b1a99467a284cc690e3237bc69105956816f762,Bitmax 2, exchange
0x986a2fca9eda0e06fbf7839b89bfc006ee2a23dd,Bitmax 3, exchange
0x1522900b6dafac587d499a862861c0869be6e428,Bitstamp, exchange
0xfbb1b73c4f0bda4f67dca266ce6ef42f520fbb98,Bittrex 1, exchange
0xe94b04a0fed112f3664e45adb2b8915693dd5ff3,Bittrex 2, exchange
0x66f820a414680b5bcda5eeca5dea238543f42054,Bittrex 3, exchange
0xaa90b4aae74cee41e004bc45e45a427406c4dcae,BitUN.io 1, exchange
0xf8d04a720520d0bcbc722b1d21ca194aa22699f2,BitUN.io 2, exchange
0xfb9f7f41319157ac5c5dccae308a63a4337ad5d9,Bity.com, exchange
0x73957709695e73fd175582105c44743cf0fb6f2f,Bw.com, exchange
0xd7c866d0d536937bf9123e02f7c052446588189f,C2CX: Hot Wallet, exchange
0x72bcfa6932feacd91cb2ea44b0731ed8ae04d0d3,Cashierest, exchange
0xfd648cc72f1b4e71cbdda7a0a91fe34d32abd656,ChainX, exchange
0x96fc4553a00c117c5b0bed950dd625d1c16dc894,Changelly, exchange
0x8958618332df62af93053cb9c535e26462c959b0,Cobinhood 1, exchange
0xb726da4fbdc3e4dbda97bb20998cf899b0e727e0,Cobinhood 2, exchange
0x9539e0b14021a43cde41d9d45dc34969be9c7cb0,Coinbene, exchange
0x33683b94334eebc9bd3ea85ddbda4a86fb461405,Coinbene: Cold Wallet, exchange
0xb6ba1931e4e74fd080587688f6db10e830f810d5,Coindelta, exchange
0xb9ee1e551f538a464e8f8c41e9904498505b49b0,Coinex, exchange
0x4b01721f0244e7c5b5f63c20942850e447f5a5ee,CoinExchange.io, exchange
0x1d1bd550197c7c0787b9ad0aea9c1cca66ee0e90,Coinhako, exchange
0x0d6b5a54f940bf3d52e438cab785981aaefdf40c,COSS.io 1, exchange
0xd1560b3984b7481cd9a8f40435a53c860187174d,COSS.io 2, exchange
0x521db06bf657ed1d6c98553a70319a8ddbac75a3,CREX24, exchange
0x5baeac0a0417a05733884852aa068b706967e790,Cryptopia 1, exchange
0x2984581ece53a4390d1f568673cf693139c97049,Cryptopia 2, exchange
0xe17ee7b3c676701c66b395a35f0df4c2276a344e,DigiFinex, exchange
0x1fd6267f0d86f62d88172b998390afee2a1f54b6,Exmo 1, exchange
0xd7b9a9b2f665849c4071ad5af77d8c76aa30fb32,Exmo 2, exchange
0x915d7915f2b469bb654a7d903a5d4417cb8ea7df,FCoin, exchange
0x4e5b2e1dc63f6b91cb6cd759936495434c7e972f,FixedFloat, exchange
0x0d0707963952f2fba59dd06f2b425ace40b492fe,Gate.io 1, exchange
0x7793cd85c11a924478d358d49b05b37e91b5810f,Gate.io 2, exchange
0x1c4b70a3968436b9a0a9cf5205c787eb81bb558c,Gate.io 3, exchange
0x9f5ca0012b9b72e8f3db57092a6f26bf4f13dc69,GBX, exchange
0xd24400ae8bfebb18ca49be86258a3c749cf46853,Gemini 1, exchange
0x6fc82a5fe25a5cdb58bc74600a40a69c065263f8,Gemini 2, exchange
0x61edcdf5bb737adffe5043706e7c5bb1f1a56eea,Gemini 3, exchange
0x9fb01a2584aac5aae3fab1ed25f86c5269b32999,GGBTC.com, exchange
0x9c67e141c0472115aa1b98bd0088418be68fd249,HitBTC 1, exchange
0x59a5208b32e627891c389ebafc644145224006e8,HitBTC 2, exchange
0xa12431d0b9db640034b0cdfceef9cce161e62be4,HitBTC 3, exchange
0x274f3c32c90517975e29dfc209a23f315c1e5fc7,Hotbit 1, exchange
0x8533a0bd9310eb63e7cc8e1116c18a3d67b1976a,Hotbit 2, exchange
0xab5c66752a9e8167967685f1450532fb96d5d24f,Huobi 1, exchange
0xe93381fb4c4f14bda253907b18fad305d799241a,Huobi 10, exchange
0xfa4b5be3f2f84f56703c42eb22142744e95a2c58,Huobi 11, exchange
0x46705dfff24256421a05d056c29e81bdc09723b8,Huobi 12, exchange
0x1b93129f05cc2e840135aab154223c75097b69bf,Huobi 13, exchange
0xeb6d43fe241fb2320b5a3c9be9cdfd4dd8226451,Huobi 14, exchange
0x956e0dbecc0e873d34a5e39b25f364b2ca036730,Huobi 15, exchange
0xeec606a66edb6f497662ea31b5eb1610da87ab5f,Huobi 16, exchange
0x7ef35bb398e0416b81b019fea395219b65c52164,Huobi 17, exchange
0x6748f50f686bfbca6fe8ad62b22228b87f31ff2b,Huobi 2, exchange
0xfdb16996831753d5331ff813c29a93c76834a0ad,Huobi 3, exchange
0xeee28d484628d41a82d01e21d12e2e78d69920da,Huobi 4, exchange
0x5c985e89dde482efe97ea9f1950ad149eb73829b,Huobi 5, exchange
0xdc76cd25977e0a5ae17155770273ad58648900d3,Huobi 6, exchange
0xadb2b42f6bd96f5c65920b9ac88619dce4166f94,Huobi 7, exchange
0xa8660c8ffd6d578f657b72c0c811284aef0b735e,Huobi 8, exchange
0x1062a747393198f70f71ec65a582423dba7e5ab3,Huobi 9, exchange
0x2910543af39aba0cd09dbb2d50200b3e800a63d2,Kraken 1, exchange
0x0a869d79a7052c7f1b55a8ebabbea3420f0d1e13,Kraken 2, exchange
0xe853c56864a2ebe4576a807d26fdc4a0ada51919,Kraken 3, exchange
0x267be1c1d684f78cb4f6a176c4911b741e4ffdc0,Kraken 4, exchange
0xfa52274dd61e1643d2205169732f29114bc240b3,Kraken 5, exchange
0xe8a0e282e6a3e8023465accd47fae39dd5db010b,Kryptono 1, exchange
0x629a7144235259336ea2694167f3c8b856edd7dc,Kryptono 2, exchange
0x30b71d015f60e2f959743038ce0aaec9b4c1ea44,Kryptono 3, exchange
0x2b5634c42055806a59e9107ed44d43c426e58258,KuCoin 1, exchange
0x689c56aef474df92d44a1b70850f808488f9769c,KuCoin 2, exchange
0x0861fca546225fbf8806986d211c8398f7457734,LAToken 1, exchange
0x7891b20c690605f4e370d6944c8a5dbfac5a451c,LAToken 2, exchange
0x1b6c1a0e20af81b922cb454c3e52408496ee7201,LAToken 3, exchange
0x8271b2e8cbe29396e9563229030c89679b9470db,Liqui.io 1, exchange
0x5e575279bf9f4acf0a130c186861454247394c06,Liqui.io 2, exchange
0xedbb72e6b3cf66a792bff7faac5ea769fe810517,Liquid, exchange
0x243bec9256c9a3469da22103891465b47583d9f1,Livecoin.net, exchange
0xe03c23519e18d64f144d2800e30e81b0065c48b5,Mercatox, exchange
0x75e89d5979e4f6fba9f97c104c2f0afb3f1dcb88,MXC 1, exchange
0x0211f3cedbef3143223d3acf0e589747933e8527,MXC 2, exchange
0xae7006588d03bd15d6954e3084a7e644596bc251,NEXBIT Pro, exchange
0x6cc5f688a315f3dc28a7781717a9a798a59fda7b,Okex 1, exchange
0x236f9f97e0e62388479bf9e5ba4889e46b0273c3,Okex 2, exchange
0xaeec6f5aca72f3a005af1b3420ab8c8c7009bac8,OTCBTC, exchange
0xbd8ef191caa1571e8ad4619ae894e07a75de0c35,Paribu 1, exchange
0x2bb97b6cf6ffe53576032c11711d59bd056830ee,Paribu 2, exchange
0xd4dcd2459bb78d7a645aa7e196857d421b10d93f,Peatio, exchange
0x32be343b94f860124dc4fee278fdcbd38c102d88,Poloniex 1, exchange
0x209c4784ab1e8183cf58ca33cb740efbf3fc18ef,Poloniex 2, exchange
0xb794f5ea0ba39494ce839613fffba74279579268,Poloniex 3, exchange
0xa910f92acdaf488fa6ef02174fb86208ad7722ba,Poloniex 4, exchange
0xaa9fa73dfe17ecaa2c89b39f0bb2779613c5fc3b,Poloniex: BAT, exchange
0x2fa2bc2ce6a4f92952921a4caa46b3727d24a1ec,Poloniex: BNT, exchange
0x31a2feb9b5d3b5f4e76c71d6c92fc46ebb3cb1c1,Poloniex: CVC, exchange
0x6b71834d65c5c4d8ed158d54b47e6ea4ff4e5437,Poloniex: FOAM, exchange
0x48d466b7c0d32b61e8a82cd2bcf060f7c3f966df,Poloniex: GNO, exchange
0x0536806df512d6cdde913cf95c9886f65b1d3462,Poloniex: GNT, exchange
0x8d451ae5ee8f557a9ce7a9d7be8a8cb40002d5cb,Poloniex: KNC, exchange
0xbd2ec7c608a06fe975dbdca729e84dedb34ecc21,Poloniex: LOOM, exchange
0xc0e30823e5e628df8bc9bf2636a347e1512f0ecb,Poloniex: MANA, exchange
0x65f9b2e4d7aaeb40ffea8c6f5844d5ad7da257e0,Poloniex: NXC, exchange
0x36b01066b7fa4a0fdb2968ea0256c848e9135674,Poloniex: OMG, exchange
0xab11204cfeaccffa63c2d23aef2ea9accdb0a0d5,Poloniex: REP, exchange
0x6795cf8eb25585eadc356ae32ac6641016c550f2,Poloniex: SNT, exchange
0xfbf2173154f7625713be22e0504404ebfe021eae,Poloniex: STORJ, exchange
0x6f803466bcd17f44fa18975bf7c509ba64bf3825,Poloniex: USDC, exchange
0xead6be34ce315940264519f250d8160f369fa5cd,Poloniex: ZRX, exchange
0xd344539efe31f8b6de983a0cab4fb721fc69c547,QuantaEx 1, exchange
0x5ca39c42f4dee3a5ba8fec3ad4902157d48700bf,QuantaEx 2, exchange
0x2a048d9a8ffdd239f063b09854976c3049ae659c,QuantaEx 3, exchange
0xb8cf411b956b3f9013c1d0ac8c909b086218207c,Remitano 1, exchange
0x2819c144d5946404c0516b6f817a960db37d4929,Remitano 2, exchange
0x13f64609bf1ef46f6515f8cd3115433a93a00dc6,Saturn Network, exchange
0x120a270bbc009644e35f0bb6ab13f95b8199c4ad,ShapeShift 1, exchange
0x9e6316f44baeeee5d41a1070516cc5fa47baf227,ShapeShift 2, exchange
0x70faa28a6b8d6829a4b1e649d26ec9a2a39ba413,ShapeShift 3, exchange
0x563b377a956c80d77a7c613a9343699ad6123911,ShapeShift 4, exchange
0xd3273eba07248020bf98a8b560ec1576a612102f,ShapeShift 5, exchange
0x3b0bc51ab9de1e5b7b6e34e5b960285805c41736,ShapeShift 6, exchange
0xeed16856d551569d134530ee3967ec79995e2051,ShapeShift 7, exchange
0x91f6d99b232153cb655ad3e0d05e13ef505f6cd5,Sparrow Exchange 1, exchange
0xe855283086fbee485aecf2084345a91424c23954,Sparrow Exchange 2, exchange
0xea3a46bd1dbd0620d80037f70d0bf7c7dc5a837c,Tagz: Hot Wallet, exchange
0x3613ef1125a078ef96ffc898c4ec28d73c5b8c52,Tidex 1, exchange
0x0a73573cf2903d2d8305b1ecb9e9730186a312ae,Tidex 2, exchange
0xb2cc3cdd53fc9a1aeaf3a68edeba2736238ddc5d,TopBTC, exchange
0x1119aaefb02bf12b84d28a5d8ea48ec3c90ef1db,Trade.io, exchange
0x2f1233ec3a4930fd95874291db7da9e90dfb2f03,Uex, exchange
0x390de26d772d2e2005c6d1d24afc902bae37a4bb,Upbit 1, exchange
0xba826fec90cefdf6706858e5fbafcb27a290fbe0,Upbit 2, exchange
0x5e032243d507c743b061ef021e2ec7fcc6d3ab89,Upbit 3, exchange
0xb436c96c6de1f50a160ed307317c275424dbe4f2,Vinex, exchange
0xf5bec430576ff1b82e44ddb5a1c93f6f9d0884f3,Yobit.net, exchange
0xd94c9ff168dc6aebf9b6cc86deff54f3fb0afc33,Yunbi 1, exchange
0x42da8a05cb7ed9a43572b5ba1b8f82a0a6e263dc,Yunbi 2, exchange
0x700f6912e5753e91ea3fae877a2374a2db1245d7,Yunbi 3, exchange
0x60d0cc2ae15859f69bf74dadb8ae3bd58434976b,ZB.com, exchange
0x2239df7104fd3f4a5e464e108506e76c47858a20,BankHeist4D, gambling
0xb898ceae9b41ff87b2bc22a41e63755604fe4771,Crypto Lottery, gambling
0x193bff7a19082cd7e056ea3e22ee0e747b5b6f80,Cryptslot.io: Slot Machine, gambling
0xd1ceeeeee83f8bcf3bedad437202b6154e9f5405,Dice2Win, gambling
0xaec1f783b29aab2727d7c374aa55483fe299fefa,Dicether, gambling
0x66666672e63f056350c3e79dc605edc36aa8b952,ETH Magic, gambling
0x2faa316fc4624ec39adc2ef7b5301124cfb68777,Etherdice.io, gambling
0xa52e014b3f5cc48287c2d483a3e026c32cc76e6d,Etheroll: Contract, gambling
0xfef5497bc53a69875e02ae5b14eeff668f09a729,FairDAPP, gambling
0x999999c60566e0a78df17f71886333e1dace0bae,FCK.com: Dice, gambling
0xddddddd1fd4e3708869c00cabe6b0b9d15181bb9,FCK.com: Roulette, gambling
0x2e9494387868eb9ec6997b711d655de82f53713f,FindTheRabbit.me, gambling
0xa62142888aba8370742be823c1782d17a0389da1,Fomo3D: Long, gambling
0x4e8ecf79ade5e2c49b9e30d795517a81e0bf00b8,Fomo3D: Soon, gambling
0x39ffccecc551f35f8dfcb52c8c01060919aed1ea,FoMo3DUnlimited, gambling
0xcceed0b7185fbe7f69c083a6c0f6ff5910548d75,Game365, gambling
0x54b17df0bb6141c5589ef0d11c3fd7dfa166f627,Golden Fever: Be First Lotto, gambling
0x9999998a72a185006f1d17e57d4e586599afb75f,HyperFair, gambling
0xe6517b766e6ee07f91b517435ed855926bcb1aae,iDice: Contract, gambling
0xa74642aeae3e2fd79150c910eb5368b64f864b1e,Mobius2D, gambling
0x3a2732aa4a876f2dadee90e15467d2e5ecd18160,Native Gaming: DAI Bankroll, gambling
0x8196cdd6e17991b22816bb9cdd31faceecf2f816,Native Gaming: ETH Bankroll, gambling
0xdb9953028efb8b659c255b5b676b912c57f37e4b,Native Gaming: WBTC Bankroll, gambling
0xb3775fb83f7d12a36e0475abdd1fca35c091efbe,PowH3D, gambling
0x4fac33dabfd83d160717dfee4175d9caaa249ca5,Sacrifice3D, gambling
0x29488e24cfdaa52a0b837217926c0c0853db7962,SuperCard, gambling
0x68ceaa85cebd73acd8af16409f14c2e0d44d83aa,WinTen, gambling
0xe1f338e069f202f2113d32c8a5d1046d83c92ca4,WorldFomo, gambling